
INSERT INTO tconfig (category, colname, colvalue, colflag, seqno, remarks) VALUES
	('2FA', 'FACTORISSUER', 'AssureSystem', NULL, 0, NULL),
	('2FA', 'FACTORVERIFY', 'false', NULL, 0, NULL),
	('CONFIGMAIL', 'MAIL_FROM', 'ezprompt@gmail.com', NULL, 0, NULL),
	('CONFIGMAIL', 'MAIL_PASSWORD', 'nzazlorszucrhrbb', NULL, 0, NULL),
	('CONFIGMAIL', 'MAIL_PORT', '465', NULL, 0, NULL),
	('CONFIGMAIL', 'MAIL_SERVER', 'smtp.gmail.com', NULL, 0, NULL),
	('CONFIGMAIL', 'MAIL_TITLE', 'System Management', NULL, 0, NULL),
	('CONFIGMAIL', 'MAIL_TO', 'tassan_oro@freewillsolutions.com', NULL, 0, NULL),
	('CONFIGMAIL', 'MAIL_USER', 'ezprompt', NULL, 0, NULL),
	('CONFIGURATION', 'ACTIVATE_URL', 'http://localhost:8080/control', NULL, 0, NULL),
	('CONFIGURATION', 'APPROVE_URL', 'http://localhost:8080/control', NULL, 0, NULL),
	('ENVIRONMENT', 'EXPIRE_TIMES', '2880000', NULL, 0, 'values in milliseconds'),
	('FORGOTPASSWORDMAIL', 'MAIL_FROM', 'ezprompt@gmail.com', NULL, 0, NULL),
	('FORGOTPASSWORDMAIL', 'MAIL_PASSWORD', 'nzazlorszucrhrbb', NULL, 0, NULL),
	('FORGOTPASSWORDMAIL', 'MAIL_SERVER', 'smtp.gmail.com', NULL, 0, NULL),
	('FORGOTPASSWORDMAIL', 'MAIL_TITLE', 'System Management', NULL, 0, NULL),
	('FORGOTPASSWORDMAIL', 'MAIL_USER', 'ezprompt', NULL, 0, NULL);

INSERT INTO tconstant (typename, typeid, nameen, nameth, seqno, iconfile) VALUES
	('tactive', '0', 'Active', 'ใช้งาน', 1, NULL),
	('tactive', '1', 'Inactive', 'ไม่ใช้งาน', 2, NULL),
	('tappstype', 'M', 'Mobile', 'Mobile', 2, NULL),
	('tappstype', 'W', 'Web', 'Web', 1, NULL),
	('tbranchtype', 'HB', 'Head Branch', 'สำนักงานใหญ่', 1, NULL),
	('tbranchtype', 'SB', 'Sub Branch', 'สำนักงานสาขาย่อย', 2, NULL),
	('tbranchtype', 'VB', 'Service Branch', 'สำนักงานบริการ', 3, NULL),
	('tdomainappstype', 'S', 'Single Page Application', 'Single Page Application', 2, NULL),
	('tdomainappstype', 'W', 'WEB', 'WEB', 1, NULL),
	('tdomaintype', 'B', 'B2C', 'B2C', 2, NULL),
	('tdomaintype', 'D', 'Directory', 'Directory', 1, NULL),
	('tdomaintype', 'S', 'SAML', 'SAML', 3, NULL),
	('texpire', '0', 'Expired', 'หมดอายุ', 1, NULL),
	('texpire', '1', 'Never Expired', 'ไม่หมดอายุ', 2, NULL),
	('tgroupmobile', 'DASHBOARD', 'Dash Board', 'Dash Board', 1, 'dashboard.png'),
	('tgroupmobile', 'HISTORY', 'History', 'History', 2, 'history.png'),
	('tgroupmobile', 'REPORT', 'Report', 'Report', 3, 'report.png'),
	('tgroupmobile', 'WORKLIST', 'Work List', 'Work List', 4, 'worklist.png'),
	('tlanguage', 'EN', 'English', 'อังกฤษ', 1, 'EN.png'),
	('tlanguage', 'TH', 'Thai', 'ไทย', 2, 'TH.png'),
	('tpermit', 'all', 'Alls', 'ทั้งหมด', 7, NULL),
	('tpermit', 'delete', 'Delete', 'ลบ', 3, NULL),
	('tpermit', 'export', 'Export', 'นำออก', 6, NULL),
	('tpermit', 'import', 'Import', 'นำเข้า', 5, NULL),
	('tpermit', 'insert', 'Insert', 'เพิ่ม', 1, NULL),
	('tpermit', 'print', 'Print', 'พิมพ์', 8, NULL),
	('tpermit', 'retrieve', 'Retrieve', 'ค้นหา', 4, NULL),
	('tpermit', 'update', 'Update', 'แก้ไข', 2, NULL),
	('tprogsystem', 'A', 'Admin', 'Admin', 1, NULL),
	('tprogsystem', 'F', 'Reference', 'Reference', 2, NULL),
	('tprogtype', 'C', 'Script', 'สคริปส์', 11, NULL),
	('tprogtype', 'E', 'Entry', 'กรอกข้อมูล', 1, NULL),
	('tprogtype', 'F', 'Reference', 'ข้อมูลหลัก', 2, NULL),
	('tprogtype', 'G', 'Generate', 'สร้างหน้าจอ', 13, NULL),
	('tprogtype', 'I', 'Plugin', 'ปลั๊กอิน', 3, NULL),
	('tprogtype', 'M', 'Import', 'นำเข้าข้อมูล', 5, NULL),
	('tprogtype', 'N', 'Internal', 'ใช้ภายใน', 4, NULL),
	('tprogtype', 'O', 'Store Procedure', 'โปรซีเดอร์', 12, NULL),
	('tprogtype', 'P', 'Post', 'โพส', 7, NULL),
	('tprogtype', 'Q', 'Enquiry', 'ค้นหาข้อมูล', 8, NULL),
	('tprogtype', 'R', 'Report', 'รายงาน', 9, NULL),
	('tprogtype', 'U', 'Utility', 'เครื่องมือ', 10, NULL),
	('tprogtype', 'X', 'Export', 'นำออกข้อมูล', 6, NULL),
	('trxstatus', 'C', 'Completed', 'Completed', 1, NULL),
	('trxstatus', 'E', 'Error', 'Error', 3, NULL),
	('trxstatus', 'N', 'Not Complete', 'Not Complete', 2, NULL),
	('trxstatus', 'R', 'Response', 'Response', 4, NULL),
	('tsystemtype', 'A', 'Android', 'Android', 1, NULL),
	('tsystemtype', 'I', 'iOS', 'iOS', 2, NULL),
	('tsystemtype', 'W', 'Web', 'Web', 3, NULL),
	('tuserstatus', 'A', 'Activated', 'ใช้งาน', 1, NULL),
	('tuserstatus', 'C', 'Closed', 'ปิดการใช้งาน', 2, NULL),
	('tuserstatus', 'P', 'Pending', 'ระงับการใช้งาน', 3, NULL),
	('tusertype', 'A', 'Admin', 'เจ้าหน้าที่บริหาร', 30, NULL),
	('tusertype', 'C', 'Super Coach', 'เจ้าหน้าที่ระดับสูง', 50, NULL),
	('tusertype', 'D', 'Director', 'ผู้อำนวยการ', 70, NULL),
	('tusertype', 'E', 'Employee', 'พนักงาน', 10, NULL),
	('tusertype', 'M', 'Manager', 'ผู้จัดการ', 40, NULL),
	('tusertype', 'O', 'Operator', 'เจ้าหน้าที่ปฏิบัติการ', 15, NULL),
	('tusertype', 'P', 'President', 'ประธาน', 90, NULL),
	('tusertype', 'Q', 'Quality Assure', 'ผู้ตรวจสอบ', 25, NULL),
	('tusertype', 'S', 'Supervisor', 'ผู้ควบคุมดูแล', 20, NULL),
	('tusertype', 'T', 'Assistance Manager', 'ผู้ช่วยผู้จัดการ', 35, NULL),
	('tusertype', 'V', 'Vice President', 'รองประธาน', 80, NULL),
	('tusertype', 'X', 'Executive', 'ผู้บริหาร', 60, NULL),
	('tusertype', 'Z', 'Client', 'ลูกค้า', 5, NULL),
	('tvisible', '0', 'Visible', 'มองเห็น', 1, NULL),
	('tvisible', '1', 'Invisible', 'มองไม่เห็น', 2, NULL);

INSERT INTO tgroup (groupname, supergroup, nameen, nameth, seqno, iconstyle, privateflag, usertype, mobilegroup, xmltext, menutext, editdate, edittime, edituser) VALUES
	('ADMIN', 'MD', 'Administrator', 'ผู้ดูแลระบบ', 1, 'fa fa-globe', '0', 'A', NULL, NULL, NULL, NULL, NULL, NULL),
	('CENTER', 'MD', 'Center Administrator', 'ผู้บริหารระบบส่วนกลาง', 5, 'fa fa-tasks', '1', 'A', NULL, NULL, NULL, NULL, NULL, NULL),
	('DIRECTOR', NULL, 'Director', 'ผู้อำนวยการ', 7, NULL, '0', 'D', NULL, NULL, NULL, NULL, NULL, NULL),
	('EMPLOYEE', NULL, 'Employee', 'พนักงาน', 8, NULL, '0', 'E', NULL, NULL, NULL, NULL, NULL, NULL),
	('EXECUTIVE', NULL, 'Executive', 'ผู้บริหาร', 9, NULL, '0', 'X', NULL, NULL, NULL, NULL, NULL, NULL),
	('MANAGER', NULL, 'Manager', 'ผู้จัดการ', 10, NULL, '0', 'M', NULL, NULL, NULL, NULL, NULL, NULL),
	('MENU', '', 'Menu', 'เมนู', 14, 'fa fa-tasks', '0', 'O', NULL, NULL, NULL, NULL, NULL, NULL),
	('OPERATOR', 'ADMIN', 'Operator', 'เจ้าหน้าที่ปฏิบัติการ', 11, 'fa fa-cogs', '0', 'O', NULL, NULL, NULL, NULL, NULL, NULL),
	('QA', '', 'QA', 'ผู้ตรวจสอบ', 14, NULL, '0', 'O', NULL, NULL, NULL, NULL, NULL, NULL),
	('SETTING', '', 'Setting', 'ตั้งค่า', 15, 'fa fa-cogs', '0', 'O', NULL, NULL, NULL, NULL, NULL, NULL),
	('SUPERVISOR', NULL, 'Supervisor', 'ผู้ควบคุม', 12, NULL, '0', 'S', NULL, NULL, NULL, NULL, NULL, NULL),
	('TESTER', 'ADMIN', 'Tester', 'ผู้ทดสอบ', 13, 'fa fa-desktop', '0', 'O', NULL, NULL, NULL, NULL, NULL, NULL);

INSERT INTO tnpwd (reservenum, remarks) VALUES
	('060', 'TrueMove, TrueMoveH'),
	('061', 'AIS, DTAC, TrueMoveH'),
	('062', 'AIS, DTAC'),
	('068', 'TOT'),
	('0800', 'AIS'),
	('0801', 'AIS'),
	('0802', 'AIS'),
	('0803', 'TrueMove'),
	('0804', 'DTAC'),
	('0805', 'DTAC'),
	('0810', 'AIS'),
	('0811', 'AIS'),
	('0812', 'AIS'),
	('0813', 'DTAC'),
	('0814', 'DTAC'),
	('0815', 'DTAC'),
	('0816', 'DTAC'),
	('0817', 'AIS'),
	('0818', 'AIS'),
	('0819', 'AIS'),
	('082', 'AIS'),
	('083', 'TrueMove'),
	('084', 'AIS'),
	('085', 'DTAC'),
	('086', 'TrueMove'),
	('0871', 'AIS'),
	('0872', NULL),
	('0873', 'DTAC'),
	('0874', 'DTAC'),
	('0875', 'DTAC'),
	('0876', NULL),
	('088', 'my by CAT'),
	('089', 'AIS, DTAC'),
	('090', 'AIS, TrueMoveH'),
	('091', 'AIS, DTAC, TrueMoveH, TOT'),
	('092', 'AIS, DTAC'),
	('093', 'AIS, TrueMoveH'),
	('094', 'DTAC, TrueMoveH'),
	('095', 'AIS, DTAC, TrueMoveH'),
	('096', 'TrueMoveH'),
	('097', 'AIS, TrueMoveH'),
	('098', 'AIS'),
	('099', 'AIS, TrueMoveH');

INSERT INTO tppwd (userid, checkreservepwd, checkpersonal, checkmatchpattern, checkmatchnumber, timenotusedoldpwd, alertbeforeexpire, pwdexpireday, notloginafterday, notchgpwduntilday, minpwdlength, alphainpwd, otherinpwd, maxsamechar, mindiffchar, maxarrangechar, loginfailtime, fromip, toip, starttime, endtime, groupflag, maxloginfailtime, checkdictpwd, maxpwdlength, digitinpwd, upperinpwd, lowerinpwd) VALUES
	('DEFAULT', '1', '1', '0', '1', 0, 0, 120, 0, 7, 8, 0, 1, 0, 0, 0, 0, NULL, NULL, NULL, NULL, '1', 0, 0, 0, 1, 1, 1);

INSERT INTO tprod (product, nameen, nameth, seqno, serialid, startdate, url, capital, verified, centerflag, iconfile, editdate, edittime, edituser) VALUES
	('AI', 'AI Module', 'AI Module', 90, NULL, NULL, NULL, NULL, '0', '1', 'prompt.png', NULL, NULL, NULL),
	('PROMPT', 'Prompt Module', 'Prompt Module', 99, NULL, NULL, NULL, NULL, '0', '1', 'prompt.png', NULL, NULL, NULL);

INSERT INTO tprog (product, programid, progname, prognameth, progtype, appstype, description, parameters, progsystem, iconfile, iconstyle, shortname, shortnameth, progpath, newflag, editdate, edittime, edituser) VALUES
	('AI', 'ask', 'Ask Me', 'Ask Me', 'F', 'W', 'Ask Me', NULL, 'F', NULL, NULL, 'Ask', 'Ask', '/show/html/ask', NULL, NULL, NULL, NULL),
	('AI', 'chatclassify', 'Chat Classify', 'Chat Classify', 'F', 'W', 'Chat Classify', NULL, 'F', NULL, NULL, 'Chat Clasify', 'Chat Classify', '/show/html/chatclassify', NULL, NULL, NULL, NULL),
	('AI', 'chatdoc', 'Chat Doc', 'Chat Doc', 'F', 'W', 'Chat Doc', NULL, 'F', '', NULL, 'Chat Doc', 'Chat Doc', '/show/html/chatdoc', NULL, NULL, NULL, NULL),
	('AI', 'chatimage', 'Chat Image', 'Chat Image', 'F', 'W', 'Chat Image', NULL, 'F', '', NULL, 'Chat Image', 'Chat Image', '/show/html/chatimage', NULL, NULL, NULL, NULL),
	('AI', 'chatimageollama', 'Chat Image Vision', 'Chat Image Vision', 'F', 'W', 'Chat Image Vision', NULL, 'F', '', NULL, 'Image Vision', 'Image Vision', '/show/html/chatimageollama', NULL, NULL, NULL, NULL),
	('AI', 'chatnote', 'Chat Note', 'Chat Note', 'F', 'W', 'Chat Note', NULL, 'F', '', NULL, 'Chat Note', 'Chat Note', '/show/html/chatnote', NULL, NULL, NULL, NULL),
	('AI', 'chatpdf', 'Chat PDF', 'Chat PDF', 'F', 'W', 'Chat PDF', '', 'F', '', NULL, 'Chat PDF', 'Chat PDF', '/show/html/chatpdf', NULL, NULL, NULL, NULL),
	('AI', 'filterdoc', 'Classify Doc', 'Classify Doc', 'F', 'W', 'Classify Doc', NULL, 'F', '', NULL, 'Classify Doc', 'Classify Doc', NULL, NULL, NULL, NULL, NULL),
	('AI', 'filterquest', 'Classify Setting', 'Classify Setting', 'F', 'W', 'Classify Setting', NULL, 'F', NULL, NULL, 'Classify Setting', 'Classify Setting', NULL, NULL, NULL, NULL, NULL),
	('AI', 'forum', 'Forum', 'Forum', 'F', 'W', 'Forum', NULL, 'F', NULL, NULL, 'Forum', 'Forum', NULL, NULL, NULL, NULL, NULL),
	('AI', 'forumdoc', 'Forum Doc', 'Forum Doc', 'F', 'W', 'Forum Doc', NULL, 'F', NULL, NULL, 'Forum Doc', 'Forum Doc', NULL, NULL, NULL, NULL, NULL),
	('AI', 'forumnote', 'Forum Note', 'Forum Note', 'F', 'W', 'Forum Note', NULL, 'F', NULL, NULL, 'Forum Note', 'Forum Note', NULL, NULL, NULL, NULL, NULL),
	('AI', 'ocr', 'OCR Me', 'OCR Me', 'F', 'W', 'OCR Me', NULL, 'F', NULL, NULL, 'OCR', 'OCR', '/show/html/ocr', NULL, NULL, NULL, NULL),
	('AI', 'quest', 'Question & Answer', 'Question & Answer', 'F', 'W', 'Question & Answer', NULL, 'F', NULL, 'fa fa-th', 'Q&A', 'Q&A', '/show/html/quest', NULL, NULL, NULL, NULL),
	('PROMPT', 'sftu004', 'Access Token', 'Access Token', 'F', 'W', 'Access Token', NULL, 'F', 'sftu004.png', NULL, 'Token', 'Token', NULL, NULL, NULL, NULL, NULL),
	('AI', 'sumdoc', 'Summary Doc Setting', 'Summary Doc Setting', 'F', 'W', 'Summary Doc Setting', NULL, 'F', NULL, NULL, 'Summary Doc', 'Summary Doc', '', NULL, NULL, NULL, NULL),
	('AI', 'tokenusage', 'Token Usage', 'Token Usage', 'F', 'W', 'Token Usage', NULL, 'F', NULL, NULL, 'Usage', 'Usage', NULL, NULL, NULL, NULL, NULL),
	('AI', 'vision', 'Vision Me', 'Vision Me', 'F', 'W', 'Vision Me', NULL, 'F', NULL, NULL, 'Vision', 'Vision', '/show/html/vision', NULL, NULL, NULL, NULL);

INSERT INTO tproggrp (groupname, programid, parameters, seqno) VALUES
	('MANAGER', 'forum', NULL, 1),
	('MANAGER', 'forumdoc', NULL, 3),
	('MANAGER', 'forumnote', NULL, 2),
	('MENU', 'ask', NULL, 2),
	('MENU', 'chatclassify', NULL, 12),
	('MENU', 'chatdoc', NULL, 6),
	('MENU', 'chatimage', NULL, 8),
	('MENU', 'chatimageollama', NULL, 9),
	('MENU', 'chatnote', NULL, 7),
	('MENU', 'chatpdf', NULL, 5),
	('MENU', 'filterdoc', NULL, 10),
	('MENU', 'filterquest', NULL, 11),
	('MENU', 'ocr', NULL, 4),
	('MENU', 'quest', NULL, 1),
	('MENU', 'sumdoc', NULL, 13),
	('MENU', 'vision', NULL, 3),
	('SETTING', 'sftu004', NULL, 1),
	('SETTING', 'tokenusage', NULL, 2);

INSERT INTO trpwd (reservepwd) VALUES
	('P@ssw0rd'),
	('P@ssw1rd'),
	('P@ssw2rd'),
	('P@ssw3rd'),
	('P@ssw4rd'),
	('P@ssw5rd'),
	('P@ssw6rd'),
	('P@ssw7rd'),
	('P@ssw8rd'),
	('P@ssw9rd'),
	('P@ssword'),
	('Password'),
	('Password0'),
	('Password1'),
	('Password2'),
	('Password3'),
	('Password4'),
	('Password5'),
	('Password6'),
	('Password7'),
	('Password8'),
	('Password9'),
	('Qaz123wsx'),
	('Qaz12wsx'),
	('Qwerty123');

INSERT INTO ttemplate (template, templatetype, subjecttitle, contents, contexts, editdate, edittime, edituser) VALUES
	('USER_FORGOT', 'MAIL_NOTIFY', 'Confirm Password Changed', 'Dear, ${userfullname}.<br/>\r\nConfirm your password was changed.<br/>\r\nuser = ${username}<br>\r\npassword = ${userpassword}<br>\r\nyours sincerely,<br>		\r\nAdministrator<br/>', 'Dear, ${userfullname}.<br/>\r\nConfirm your password was changed.<br/>\r\nuser = ${username}<br>\r\npassword = ${userpassword}<br>\r\nyours sincerely,<br>		\r\nAdministrator<br/>', NULL, NULL, NULL),
	('USER_INFO', 'MAIL_NOTIFY', 'Confirm New Account', '<p>Dear, ${userfullname}.<br />New account was created for access system.<br />To confirm, please kindly use information below.<br />user = ${username}<br />password = ${userpassword}<br />yours sincerely,<br />Administrator</p>', '<p>Dear, ${userfullname}.<br />New account was created for access system.<br />To confirm, please kindly use information below.<br />user = ${username}<br />password = ${userpassword}<br />yours sincerely,<br />Administrator</p>', '2023-10-26', '10:41:22', 'tso');

INSERT INTO tuser (userid, username, site, startdate, enddate, status, userpassword, passwordexpiredate, passwordchangedate, passwordchangetime, showphoto, adminflag, groupflag, theme, firstpage, loginfailtimes, failtime, lockflag, usertype, iconfile, accessdate, accesstime, accesshits, siteflag, branchflag, approveflag, changeflag, newflag, activeflag, mistakens, mistakentime, editdate, edittime, edituser) VALUES
	('adminis', 'admin@freewill.com', 'FWS', NULL, NULL, 'A', '$2a$10$MhzJQISuqFZSES0k00LPx.iMWUMGgp4P4oR5xlAYdzc2ydaVQgMnG', NULL, NULL, NULL, NULL, '1', '0', NULL, NULL, 0, 0, '0', 'A', NULL, '2022-08-30', '09:22:06', 464, '0', '0', '0', '0', '0', '0', 0, 0, '2021-05-16', '10:27:01', 'tso'),
	('centre', 'center@freewill.com', 'FWS', NULL, NULL, 'A', '$2a$10$fCARfKVL/xYrnJC6QS7c/O.u1WEKq.xS.qmlRV4sZo6PA1sJPW78C', NULL, NULL, NULL, NULL, '1', '0', NULL, NULL, 0, 0, '0', 'A', NULL, '2021-05-25', '10:45:29', 46, '1', '1', '0', '0', '0', '0', 0, 0, NULL, NULL, NULL),
	('test1', 'test1@test.com', 'FWS', NULL, NULL, 'A', '$2a$10$g/5giEKKwQKm.9UNmL6CCOtSqN64tFi04QzCS/D.ECog88PsTAVC.', NULL, NULL, NULL, NULL, '0', '0', NULL, NULL, 0, 0, '0', 'E', NULL, '2023-09-27', '16:18:12', 46, '0', '0', '0', '0', '0', '0', 0, 0, NULL, NULL, NULL),
	('test2', 'test2@test.com', 'FWS', NULL, NULL, 'A', '$2a$10$g/5giEKKwQKm.9UNmL6CCOtSqN64tFi04QzCS/D.ECog88PsTAVC.', NULL, NULL, NULL, NULL, '0', '0', NULL, NULL, 0, NULL, '0', 'E', NULL, NULL, NULL, 0, '0', '0', '0', '0', '0', '0', 0, NULL, NULL, NULL, NULL),
	('test3', 'test3@test.com', 'FWS', NULL, NULL, 'A', '$2a$10$g/5giEKKwQKm.9UNmL6CCOtSqN64tFi04QzCS/D.ECog88PsTAVC.', NULL, NULL, NULL, NULL, '0', '0', NULL, NULL, 0, NULL, '0', 'E', NULL, NULL, NULL, 0, '0', '0', '0', '0', '0', '0', 0, NULL, NULL, NULL, NULL),
	('test4', 'test4@test.com', 'FWS', NULL, NULL, 'A', '$2a$10$g/5giEKKwQKm.9UNmL6CCOtSqN64tFi04QzCS/D.ECog88PsTAVC.', NULL, NULL, NULL, NULL, '0', '0', NULL, NULL, 0, NULL, '0', 'E', NULL, NULL, NULL, 0, '0', '0', '0', '0', '0', '0', 0, NULL, NULL, NULL, NULL),
	('test5', 'test5@test.com', 'FWS', NULL, NULL, 'A', '$2a$10$g/5giEKKwQKm.9UNmL6CCOtSqN64tFi04QzCS/D.ECog88PsTAVC.', NULL, NULL, NULL, NULL, '0', '0', NULL, NULL, 0, NULL, '0', 'E', NULL, NULL, NULL, 0, '0', '0', '0', '0', '0', '0', 0, NULL, NULL, NULL, NULL),
	('test6', 'test6@test.com', 'FWS', NULL, NULL, 'A', '$2a$10$g/5giEKKwQKm.9UNmL6CCOtSqN64tFi04QzCS/D.ECog88PsTAVC.', NULL, NULL, NULL, NULL, '0', '0', NULL, NULL, 0, NULL, '0', 'E', NULL, NULL, NULL, 0, '0', '0', '0', '0', '0', '0', 0, NULL, NULL, NULL, NULL),
	('test7', 'test7@test.com', 'FWS', NULL, NULL, 'A', '$2a$10$g/5giEKKwQKm.9UNmL6CCOtSqN64tFi04QzCS/D.ECog88PsTAVC.', NULL, NULL, NULL, NULL, '0', '0', NULL, NULL, 0, NULL, '0', 'E', NULL, NULL, NULL, 0, '0', '0', '0', '0', '0', '0', 0, NULL, NULL, NULL, NULL),
	('test8', 'test8@test.com', 'FWS', NULL, NULL, 'A', '$2a$10$g/5giEKKwQKm.9UNmL6CCOtSqN64tFi04QzCS/D.ECog88PsTAVC.', NULL, NULL, NULL, NULL, '0', '0', NULL, NULL, 0, NULL, '0', 'E', NULL, NULL, NULL, 0, '0', '0', '0', '0', '0', '0', 0, NULL, NULL, NULL, NULL),
	('test9', 'test9@testing.com', 'FWS', NULL, NULL, 'A', '$2a$10$g/5giEKKwQKm.9UNmL6CCOtSqN64tFi04QzCS/D.ECog88PsTAVC.', NULL, NULL, NULL, NULL, '0', '0', NULL, NULL, 0, NULL, '0', 'O', NULL, NULL, NULL, 0, '0', '1', '0', '0', '0', '0', 0, NULL, '2023-09-14', '16:35:54', 'tso'),
	('tester', 'tester@freewill.com', 'FWS', NULL, NULL, 'A', '$2a$10$lDY.QbMZp./3KLS3uGpu3OHypOk4itewChD2.2jrtsgQmGaJ2BayS', NULL, NULL, NULL, NULL, NULL, '0', NULL, NULL, 0, 0, '0', 'O', NULL, '2025-02-07', '11:05:04', 26, '0', '0', '0', '0', '0', '0', 0, 0, '2021-05-16', '10:26:46', 'tso'),
	('tso', 'tso@freewill.com', 'FWS', NULL, NULL, 'A', '$2a$10$XxaiWYBcRIglzgJ9MF3toO6ZpUh6dv/XDEFlPsPtkpS583Hiuqz/y', '2025-07-22', '2025-03-24', '14:15:34', '1', '1', '0', '', '', 0, 0, '0', 'A', '', '2025-03-31', '15:23:41', 7295, '0', '1', '1', '0', '0', '0', 0, 0, '2023-09-14', '16:57:56', 'tso'),
	('ttso', 'ttso@freewill.com', 'FWS', NULL, NULL, 'A', '$2a$10$XxaiWYBcRIglzgJ9MF3toO6ZpUh6dv/XDEFlPsPtkpS583Hiuqz/y', '2025-07-28', '2022-03-30', '09:21:19', NULL, '0', '0', NULL, NULL, 0, 0, '0', 'E', NULL, '2024-12-04', '12:56:25', 339, '0', '0', '0', '0', '0', '0', 0, 0, NULL, NULL, NULL);

INSERT INTO tusergrp (userid, groupname, rolename) VALUES
	('tso', 'MANAGER', NULL),
	('tso', 'MENU', NULL),
	('tso', 'SETTING', NULL);

INSERT INTO tuserinfo (site, employeeid, userid, userbranch, usertname, usertsurname, userename, useresurname, displayname, activeflag, accessdate, accesstime, photoimage, email, gender, lineid, mobile, langcode, birthday, inactive, editdate, edittime, edituser, remarks, usercontents) VALUES
	('FWS', 'adminis', 'adminis', '00', 'FWS', 'Administrator', 'FWS', 'Administrator', 'FWS_Adm', '0', '2022-08-30', '09:22:06', 'photo_fwg_fwgadmin.jpg', 'admin@freewillsolutions.com', 'M', NULL, NULL, NULL, NULL, '0', '2021-05-16', '10:27:01', 'tso', 'sfte007', NULL),
	('FWS', 'test1', 'test1', NULL, 'Test1', 'Test', 'Test1', 'Test', 'Test1_Tes', '0', '2023-09-27', '16:18:12', NULL, 'test1@gmail.com', NULL, NULL, NULL, NULL, NULL, '0', NULL, NULL, NULL, NULL, NULL),
	('FWS', 'test2', 'test2', NULL, 'Test2', 'Test', 'Test2', 'Test', 'Test2_Tes', '0', NULL, NULL, NULL, 'test2@gmail.com', NULL, NULL, NULL, NULL, NULL, '0', NULL, NULL, NULL, NULL, NULL),
	('FWS', 'test3', 'test3', NULL, 'Test3', 'Test', 'Test3', 'Test', 'Test3_Tes', '0', NULL, NULL, NULL, 'test3@gmail.com', NULL, NULL, NULL, NULL, NULL, '0', NULL, NULL, NULL, NULL, NULL),
	('FWS', 'test4', 'test4', NULL, 'Test4', 'Test', 'Test4', 'Test', 'Test4_Tes', '0', NULL, NULL, NULL, 'test4@gmail.com', NULL, NULL, NULL, NULL, NULL, '0', NULL, NULL, NULL, NULL, NULL),
	('FWS', 'test5', 'test5', NULL, 'Test5', 'Test', 'Test5', 'Test', 'Test5_Tes', '0', NULL, NULL, NULL, 'test5@gmail.com', NULL, NULL, NULL, NULL, NULL, '0', NULL, NULL, NULL, NULL, NULL),
	('FWS', 'test6', 'test6', NULL, 'Test6', 'Test', 'Test6', 'Test', 'Test6_Tes', '0', NULL, NULL, NULL, 'test6@gmail.com', NULL, NULL, NULL, NULL, NULL, '0', NULL, NULL, NULL, NULL, NULL),
	('FWS', 'test7', 'test7', NULL, 'Test7', 'Test', 'Test7', 'Test', 'Test7_Tes', '0', NULL, NULL, NULL, 'test7@gmail.com', NULL, NULL, NULL, NULL, NULL, '0', NULL, NULL, NULL, NULL, NULL),
	('FWS', 'test8', 'test8', NULL, 'Test8', 'Test', 'Test8', 'Test', 'Test8_Tes', '0', NULL, NULL, NULL, 'test8@gmail.com', NULL, NULL, NULL, NULL, NULL, '0', NULL, NULL, NULL, NULL, NULL),
	('FWS', 'test9', 'test9', NULL, 'Test9', 'Test', 'Test9', 'Test', 'Test9_Tes', '0', NULL, NULL, NULL, 'test9@gmail.com', NULL, NULL, NULL, NULL, NULL, '0', '2023-09-14', '16:35:54', 'tso', 'sfte007', NULL),
	('FWS', 'tester', 'tester', NULL, 'Tester', 'Test', 'Tester', 'Test', 'Tester_Tes', '0', '2025-02-07', '11:05:04', NULL, 'tester@gmail.com', 'M', NULL, NULL, NULL, NULL, '0', '2021-05-16', '10:26:46', 'tso', 'sfte007', NULL),
	('FWS', 'tso', 'tso', '00', 'Tassan', 'Oros', 'Tassan', 'Oros', 'Tassan_oro', '0', '2025-03-31', '15:23:41', 'photo_fwg_tso.png', 'tassun_oro@hotmail.com', 'M', 'tassun_oro', '0955941678', 'EN', NULL, '0', '2024-10-02', '15:15:39', 'tso', 'sfte007', '{"companion":"qby1"}'),
	('FWS', 'ttso', 'ttso', '00', 'Tassun', 'Oros', 'Tassun', 'Oros', 'Tassun_Oro', '0', '2024-12-04', '12:56:25', NULL, 'tassunoros@gmail.com', 'M', NULL, NULL, NULL, NULL, '0', NULL, NULL, NULL, NULL, '{"companion":"tama1"}');

